<?xml version="1.0" encoding="UTF-8"?>
<GenRun Id="impl_1" LaunchPart="xc7z010clg400-1" LaunchTime="1643663946">
  <File Type="BITSTR-BMM" Name="circuit_tr_signal_bd.bmm"/>
  <File Type="OPT-METHODOLOGY-DRC" Name="circuit_tr_signal_methodology_drc_opted.rpt"/>
  <File Type="INIT-TIMING" Name="circuit_tr_signal_timing_summary_init.rpt"/>
  <File Type="ROUTE-PWR" Name="circuit_tr_signal_power_routed.rpt"/>
  <File Type="PA-TCL" Name="circuit_tr_signal.tcl"/>
  <File Type="OPT-TIMING" Name="circuit_tr_signal_timing_summary_opted.rpt"/>
  <File Type="OPT-DCP" Name="circuit_tr_signal_opt.dcp"/>
  <File Type="ROUTE-PWR-SUM" Name="circuit_tr_signal_power_summary_routed.pb"/>
  <File Type="REPORTS-TCL" Name="circuit_tr_signal_reports.tcl"/>
  <File Type="OPT-DRC" Name="circuit_tr_signal_drc_opted.rpt"/>
  <File Type="OPT-HWDEF" Name="circuit_tr_signal.hwdef"/>
  <File Type="PWROPT-DCP" Name="circuit_tr_signal_pwropt.dcp"/>
  <File Type="PWROPT-DRC" Name="circuit_tr_signal_drc_pwropted.rpt"/>
  <File Type="PWROPT-TIMING" Name="circuit_tr_signal_timing_summary_pwropted.rpt"/>
  <File Type="PLACE-DCP" Name="circuit_tr_signal_placed.dcp"/>
  <File Type="PLACE-IO" Name="circuit_tr_signal_io_placed.rpt"/>
  <File Type="PLACE-CLK" Name="circuit_tr_signal_clock_utilization_placed.rpt"/>
  <File Type="PLACE-UTIL" Name="circuit_tr_signal_utilization_placed.rpt"/>
  <File Type="PLACE-UTIL-PB" Name="circuit_tr_signal_utilization_placed.pb"/>
  <File Type="PLACE-CTRL" Name="circuit_tr_signal_control_sets_placed.rpt"/>
  <File Type="PLACE-SIMILARITY" Name="circuit_tr_signal_incremental_reuse_placed.rpt"/>
  <File Type="PLACE-PRE-SIMILARITY" Name="circuit_tr_signal_incremental_reuse_pre_placed.rpt"/>
  <File Type="PLACE-TIMING" Name="circuit_tr_signal_timing_summary_placed.rpt"/>
  <File Type="POSTPLACE-PWROPT-DCP" Name="circuit_tr_signal_postplace_pwropt.dcp"/>
  <File Type="BG-BIN" Name="circuit_tr_signal.bin"/>
  <File Type="POSTPLACE-PWROPT-TIMING" Name="circuit_tr_signal_timing_summary_postplace_pwropted.rpt"/>
  <File Type="PHYSOPT-DCP" Name="circuit_tr_signal_physopt.dcp"/>
  <File Type="PHYSOPT-DRC" Name="circuit_tr_signal_drc_physopted.rpt"/>
  <File Type="BITSTR-MSK" Name="circuit_tr_signal.msk"/>
  <File Type="PHYSOPT-TIMING" Name="circuit_tr_signal_timing_summary_physopted.rpt"/>
  <File Type="ROUTE-ERROR-DCP" Name="circuit_tr_signal_routed_error.dcp"/>
  <File Type="ROUTE-DCP" Name="circuit_tr_signal_routed.dcp"/>
  <File Type="ROUTE-BLACKBOX-DCP" Name="circuit_tr_signal_routed_bb.dcp"/>
  <File Type="ROUTE-DRC" Name="circuit_tr_signal_drc_routed.rpt"/>
  <File Type="ROUTE-DRC-PB" Name="circuit_tr_signal_drc_routed.pb"/>
  <File Type="ROUTE-DRC-RPX" Name="circuit_tr_signal_drc_routed.rpx"/>
  <File Type="BITSTR-MMI" Name="circuit_tr_signal.mmi"/>
  <File Type="ROUTE-METHODOLOGY-DRC" Name="circuit_tr_signal_methodology_drc_routed.rpt"/>
  <File Type="ROUTE-METHODOLOGY-DRC-RPX" Name="circuit_tr_signal_methodology_drc_routed.rpx"/>
  <File Type="ROUTE-METHODOLOGY-DRC-PB" Name="circuit_tr_signal_methodology_drc_routed.pb"/>
  <File Type="ROUTE-PWR-RPX" Name="circuit_tr_signal_power_routed.rpx"/>
  <File Type="ROUTE-STATUS" Name="circuit_tr_signal_route_status.rpt"/>
  <File Type="ROUTE-STATUS-PB" Name="circuit_tr_signal_route_status.pb"/>
  <File Type="ROUTE-TIMINGSUMMARY" Name="circuit_tr_signal_timing_summary_routed.rpt"/>
  <File Type="ROUTE-TIMING-PB" Name="circuit_tr_signal_timing_summary_routed.pb"/>
  <File Type="ROUTE-TIMING-RPX" Name="circuit_tr_signal_timing_summary_routed.rpx"/>
  <File Type="ROUTE-SIMILARITY" Name="circuit_tr_signal_incremental_reuse_routed.rpt"/>
  <File Type="ROUTE-CLK" Name="circuit_tr_signal_clock_utilization_routed.rpt"/>
  <File Type="ROUTE-BUS-SKEW" Name="circuit_tr_signal_bus_skew_routed.rpt"/>
  <File Type="ROUTE-BUS-SKEW-PB" Name="circuit_tr_signal_bus_skew_routed.pb"/>
  <File Type="ROUTE-BUS-SKEW-RPX" Name="circuit_tr_signal_bus_skew_routed.rpx"/>
  <File Type="POSTROUTE-PHYSOPT-DCP" Name="circuit_tr_signal_postroute_physopt.dcp"/>
  <File Type="POSTROUTE-PHYSOPT-BLACKBOX-DCP" Name="circuit_tr_signal_postroute_physopt_bb.dcp"/>
  <File Type="POSTROUTE-PHYSOPT-TIMING" Name="circuit_tr_signal_timing_summary_postroute_physopted.rpt"/>
  <File Type="POSTROUTE-PHYSOPT-TIMING-PB" Name="circuit_tr_signal_timing_summary_postroute_physopted.pb"/>
  <File Type="POSTROUTE-PHYSOPT-TIMING-RPX" Name="circuit_tr_signal_timing_summary_postroute_physopted.rpx"/>
  <File Type="POSTROUTE-PHYSOPT-BUS-SKEW" Name="circuit_tr_signal_bus_skew_postroute_physopted.rpt"/>
  <File Type="POSTROUTE-PHYSOPT-BUS-SKEW-PB" Name="circuit_tr_signal_bus_skew_postroute_physopted.pb"/>
  <File Type="BG-BIT" Name="circuit_tr_signal.bit"/>
  <File Type="POSTROUTE-PHYSOPT-BUS-SKEW-RPX" Name="circuit_tr_signal_bus_skew_postroute_physopted.rpx"/>
  <File Type="BITSTR-RBT" Name="circuit_tr_signal.rbt"/>
  <File Type="BITSTR-NKY" Name="circuit_tr_signal.nky"/>
  <File Type="PDI-FILE" Name="circuit_tr_signal.pdi"/>
  <File Type="RCFI_FILE" Name="circuit_tr_signal.rcfi"/>
  <File Type="CFI_FILE" Name="circuit_tr_signal.cfi"/>
  <File Type="RNPI_FILE" Name="circuit_tr_signal.rnpi"/>
  <File Type="NPI_FILE" Name="circuit_tr_signal.npi"/>
  <File Type="RBD_FILE" Name="circuit_tr_signal.rbd"/>
  <File Type="BITSTR-LTX" Name="debug_nets.ltx"/>
  <File Type="BITSTR-LTX" Name="circuit_tr_signal.ltx"/>
  <File Type="BITSTR-SYSDEF" Name="circuit_tr_signal.sysdef"/>
  <File Type="BG-BGN" Name="circuit_tr_signal.bgn"/>
  <File Type="BG-DRC" Name="circuit_tr_signal.drc"/>
  <File Type="RDI-RDI" Name="circuit_tr_signal.vdi"/>
  <File Type="WBT-USG" Name="usage_statistics_webtalk.html"/>
  <FileSet Name="sources" Type="DesignSrcs" RelSrcDir="$PSRCDIR/sources_1" RelGenDir="$PGENDIR/sources_1">
    <Filter Type="Srcs"/>
    <File Path="$PSRCDIR/sources_1/imports/new/compteur_nbits.vhd">
      <FileInfo>
        <Attr Name="ImportPath" Val="$PPRDIR/../../../../../../../../Downloads/pb_APP_log_seq_xpr/pb_APP_log_seq/pb_APP_log_seq.srcs/sources_1/new/compteur_nbits.vhd"/>
        <Attr Name="ImportTime" Val="1610551440"/>
        <Attr Name="UsedIn" Val="synthesis"/>
        <Attr Name="UsedIn" Val="simulation"/>
      </FileInfo>
    </File>
    <File Path="$PSRCDIR/sources_1/imports/new/reg_24b.vhd">
      <FileInfo>
        <Attr Name="ImportPath" Val="$PPRDIR/../../../../../../../../Downloads/pb_APP_log_seq_xpr/pb_APP_log_seq/pb_APP_log_seq.srcs/sources_1/new/reg_24b.vhd"/>
        <Attr Name="ImportTime" Val="1610551440"/>
        <Attr Name="UsedIn" Val="synthesis"/>
        <Attr Name="UsedIn" Val="simulation"/>
      </FileInfo>
    </File>
    <File Path="$PSRCDIR/sources_1/imports/new/reg_dec_24b.vhd">
      <FileInfo>
        <Attr Name="ImportPath" Val="$PPRDIR/../../../../../../../../Downloads/pb_APP_log_seq_xpr/pb_APP_log_seq/pb_APP_log_seq.srcs/sources_1/new/reg_dec_24b.vhd"/>
        <Attr Name="ImportTime" Val="1610551440"/>
        <Attr Name="UsedIn" Val="synthesis"/>
        <Attr Name="UsedIn" Val="simulation"/>
      </FileInfo>
    </File>
    <File Path="$PSRCDIR/sources_1/imports/new/mef_decod_i2s_v1b.vhd">
      <FileInfo>
        <Attr Name="ImportPath" Val="$PPRDIR/../../../../../../../../Downloads/pb_APP_log_seq_xpr/pb_APP_log_seq/pb_APP_log_seq.srcs/sources_1/new/mef_decod_i2s_v1b.vhd"/>
        <Attr Name="ImportTime" Val="1610551440"/>
        <Attr Name="UsedIn" Val="synthesis"/>
        <Attr Name="UsedIn" Val="simulation"/>
      </FileInfo>
    </File>
    <File Path="$PSRCDIR/sources_1/imports/new/mux2.vhd">
      <FileInfo>
        <Attr Name="ImportPath" Val="$PPRDIR/../../../../../../../../Downloads/pb_APP_log_seq_xpr/pb_APP_log_seq/pb_APP_log_seq.srcs/sources_1/new/mux2.vhd"/>
        <Attr Name="ImportTime" Val="1641399651"/>
        <Attr Name="UsedIn" Val="synthesis"/>
        <Attr Name="UsedIn" Val="simulation"/>
      </FileInfo>
    </File>
    <File Path="$PSRCDIR/sources_1/imports/new/reg_dec_24b_fd.vhd">
      <FileInfo>
        <Attr Name="ImportPath" Val="$PPRDIR/../../../../../../../../Downloads/pb_APP_log_seq_xpr/pb_APP_log_seq/pb_APP_log_seq.srcs/sources_1/new/reg_dec_24b_fd.vhd"/>
        <Attr Name="ImportTime" Val="1610551440"/>
        <Attr Name="UsedIn" Val="synthesis"/>
        <Attr Name="UsedIn" Val="simulation"/>
      </FileInfo>
    </File>
    <File Path="$PSRCDIR/sources_1/imports/new/mef_cod_i2s_vsb.vhd">
      <FileInfo>
        <Attr Name="ImportPath" Val="$PPRDIR/../../../../../../../../Downloads/pb_APP_log_seq_xpr/pb_APP_log_seq/pb_APP_log_seq.srcs/sources_1/new/mef_cod_i2s_vsb.vhd"/>
        <Attr Name="ImportTime" Val="1610551440"/>
        <Attr Name="UsedIn" Val="synthesis"/>
        <Attr Name="UsedIn" Val="simulation"/>
      </FileInfo>
    </File>
    <File Path="$PSRCDIR/sources_1/imports/new/affhex_pmodssd_v3.vhd">
      <FileInfo>
        <Attr Name="ImportPath" Val="$PPRDIR/../../../../../../../../Downloads/pb_APP_log_seq_xpr/pb_APP_log_seq/pb_APP_log_seq.srcs/sources_1/new/affhex_pmodssd_v3.vhd"/>
        <Attr Name="ImportTime" Val="1610551440"/>
        <Attr Name="UsedIn" Val="synthesis"/>
        <Attr Name="UsedIn" Val="simulation"/>
      </FileInfo>
    </File>
    <File Path="$PSRCDIR/sources_1/imports/new/calcul_param_3.vhd">
      <FileInfo>
        <Attr Name="ImportPath" Val="$PPRDIR/../../../../../../../../Downloads/pb_APP_log_seq_xpr/pb_APP_log_seq/pb_APP_log_seq.srcs/sources_1/new/calcul_param_3.vhd"/>
        <Attr Name="ImportTime" Val="1611245551"/>
        <Attr Name="UsedIn" Val="synthesis"/>
        <Attr Name="UsedIn" Val="simulation"/>
      </FileInfo>
    </File>
    <File Path="$PSRCDIR/sources_1/imports/new/mux4.vhd">
      <FileInfo>
        <Attr Name="ImportPath" Val="$PPRDIR/../../../../../../../../Downloads/pb_APP_log_seq_xpr/pb_APP_log_seq/pb_APP_log_seq.srcs/sources_1/new/mux4.vhd"/>
        <Attr Name="ImportTime" Val="1641398328"/>
        <Attr Name="UsedIn" Val="synthesis"/>
        <Attr Name="UsedIn" Val="simulation"/>
      </FileInfo>
    </File>
    <File Path="$PSRCDIR/sources_1/imports/new/sig_fct_3.vhd">
      <FileInfo>
        <Attr Name="ImportPath" Val="$PPRDIR/../../../../../../../../Downloads/pb_APP_log_seq_xpr/pb_APP_log_seq/pb_APP_log_seq.srcs/sources_1/new/sig_fct_3.vhd"/>
        <Attr Name="ImportTime" Val="1610551440"/>
        <Attr Name="UsedIn" Val="synthesis"/>
        <Attr Name="UsedIn" Val="simulation"/>
      </FileInfo>
    </File>
    <File Path="$PSRCDIR/sources_1/imports/new/sig_fct_sat_dure.vhd">
      <FileInfo>
        <Attr Name="ImportPath" Val="$PPRDIR/../../../../../../../../Downloads/pb_APP_log_seq_xpr/pb_APP_log_seq/pb_APP_log_seq.srcs/sources_1/new/sig_fct_sat_dure.vhd"/>
        <Attr Name="ImportTime" Val="1637254059"/>
        <Attr Name="UsedIn" Val="synthesis"/>
        <Attr Name="UsedIn" Val="simulation"/>
      </FileInfo>
    </File>
    <File Path="$PSRCDIR/sources_1/imports/new/calcul_param_2.vhd">
      <FileInfo>
        <Attr Name="ImportPath" Val="$PPRDIR/../../../../../../../../Downloads/pb_APP_log_seq_xpr/pb_APP_log_seq/pb_APP_log_seq.srcs/sources_1/new/calcul_param_2.vhd"/>
        <Attr Name="ImportTime" Val="1610551440"/>
        <Attr Name="UsedIn" Val="synthesis"/>
        <Attr Name="UsedIn" Val="simulation"/>
      </FileInfo>
    </File>
    <File Path="$PSRCDIR/sources_1/imports/new/conditionne_btn_v7.vhd">
      <FileInfo>
        <Attr Name="ImportPath" Val="$PPRDIR/../../../../../../../../Downloads/pb_APP_log_seq_xpr/pb_APP_log_seq/pb_APP_log_seq.srcs/sources_1/new/conditionne_btn_v7.vhd"/>
        <Attr Name="ImportTime" Val="1610551440"/>
        <Attr Name="UsedIn" Val="synthesis"/>
        <Attr Name="UsedIn" Val="simulation"/>
      </FileInfo>
    </File>
    <File Path="$PSRCDIR/sources_1/imports/new/strb_gen_v3.vhd">
      <FileInfo>
        <Attr Name="ImportPath" Val="$PPRDIR/../../../../../../../../Downloads/pb_APP_log_seq_xpr/pb_APP_log_seq/pb_APP_log_seq.srcs/sources_1/new/strb_gen_v3.vhd"/>
        <Attr Name="ImportTime" Val="1610551440"/>
        <Attr Name="UsedIn" Val="synthesis"/>
        <Attr Name="UsedIn" Val="simulation"/>
      </FileInfo>
    </File>
    <File Path="$PSRCDIR/sources_1/imports/new/module_commande.vhd">
      <FileInfo>
        <Attr Name="ImportPath" Val="$PPRDIR/../../../../../../../../Downloads/pb_APP_log_seq_xpr/pb_APP_log_seq/pb_APP_log_seq.srcs/sources_1/new/module_commande.vhd"/>
        <Attr Name="ImportTime" Val="1610551440"/>
        <Attr Name="UsedIn" Val="synthesis"/>
        <Attr Name="UsedIn" Val="simulation"/>
      </FileInfo>
    </File>
    <File Path="$PSRCDIR/sources_1/imports/new/calcul_param_1.vhd">
      <FileInfo>
        <Attr Name="ImportPath" Val="$PPRDIR/../../../../../../../../Downloads/pb_APP_log_seq_xpr/pb_APP_log_seq/pb_APP_log_seq.srcs/sources_1/new/calcul_param_1.vhd"/>
        <Attr Name="ImportTime" Val="1610551440"/>
        <Attr Name="UsedIn" Val="synthesis"/>
        <Attr Name="UsedIn" Val="simulation"/>
      </FileInfo>
    </File>
    <File Path="$PSRCDIR/sources_1/bd/design_1/design_1.bd">
      <FileInfo>
        <Attr Name="ImportPath" Val="$PPRDIR/../../../../../../../../Downloads/pb_APP_log_seq_xpr/pb_APP_log_seq/pb_APP_log_seq.srcs/sources_1/bd/design_1/design_1.bd"/>
        <Attr Name="ImportTime" Val="1641403593"/>
        <Attr Name="UsedIn" Val="synthesis"/>
        <Attr Name="UsedIn" Val="implementation"/>
        <Attr Name="UsedIn" Val="simulation"/>
      </FileInfo>
    </File>
    <File Path="$PSRCDIR/sources_1/imports/new/attenateur_pwm.vhd">
      <FileInfo>
        <Attr Name="ImportPath" Val="$PPRDIR/../../../../../../../../Downloads/pb_APP_log_seq_xpr/pb_APP_log_seq/pb_APP_log_seq.srcs/sources_1/new/attenateur_pwm.vhd"/>
        <Attr Name="ImportTime" Val="1610551440"/>
        <Attr Name="UsedIn" Val="synthesis"/>
        <Attr Name="UsedIn" Val="simulation"/>
      </FileInfo>
    </File>
    <File Path="$PSRCDIR/sources_1/imports/new/ctrl_i2c_V4_codec_ssm2603.vhd">
      <FileInfo>
        <Attr Name="ImportPath" Val="$PPRDIR/../../../../../../../../Downloads/pb_APP_log_seq_xpr/pb_APP_log_seq/pb_APP_log_seq.srcs/sources_1/new/ctrl_i2c_V4_codec_ssm2603.vhd"/>
        <Attr Name="ImportTime" Val="1610551440"/>
        <Attr Name="UsedIn" Val="synthesis"/>
        <Attr Name="UsedIn" Val="simulation"/>
      </FileInfo>
    </File>
    <File Path="$PSRCDIR/sources_1/imports/new/gen_clk_codec.vhd">
      <FileInfo>
        <Attr Name="ImportPath" Val="$PPRDIR/../../../../../../../../Downloads/pb_APP_log_seq_xpr/pb_APP_log_seq/pb_APP_log_seq.srcs/sources_1/new/gen_clk_codec.vhd"/>
        <Attr Name="ImportTime" Val="1610551440"/>
        <Attr Name="UsedIn" Val="synthesis"/>
        <Attr Name="UsedIn" Val="simulation"/>
      </FileInfo>
    </File>
    <File Path="$PSRCDIR/sources_1/imports/new/i2c_master.vhd">
      <FileInfo>
        <Attr Name="ImportPath" Val="$PPRDIR/../../../../../../../../Downloads/pb_APP_log_seq_xpr/pb_APP_log_seq/pb_APP_log_seq.srcs/sources_1/new/i2c_master.vhd"/>
        <Attr Name="ImportTime" Val="1610551440"/>
        <Attr Name="UsedIn" Val="synthesis"/>
        <Attr Name="UsedIn" Val="simulation"/>
      </FileInfo>
    </File>
    <File Path="$PSRCDIR/sources_1/imports/new/init_codec_v2.vhd">
      <FileInfo>
        <Attr Name="ImportPath" Val="$PPRDIR/../../../../../../../../Downloads/pb_APP_log_seq_xpr/pb_APP_log_seq/pb_APP_log_seq.srcs/sources_1/new/init_codec_v2.vhd"/>
        <Attr Name="ImportTime" Val="1610551440"/>
        <Attr Name="UsedIn" Val="synthesis"/>
        <Attr Name="UsedIn" Val="simulation"/>
      </FileInfo>
    </File>
    <File Path="$PSRCDIR/sources_1/imports/new/synchro_codec_v1.vhd">
      <FileInfo>
        <Attr Name="ImportPath" Val="$PPRDIR/../../../../../../../../Downloads/pb_APP_log_seq_xpr/pb_APP_log_seq/pb_APP_log_seq.srcs/sources_1/new/synchro_codec_v1.vhd"/>
        <Attr Name="ImportTime" Val="1610551440"/>
        <Attr Name="UsedIn" Val="synthesis"/>
        <Attr Name="UsedIn" Val="simulation"/>
      </FileInfo>
    </File>
    <File Path="$PSRCDIR/sources_1/imports/new/synchro_zybo_v1.vhd">
      <FileInfo>
        <Attr Name="ImportPath" Val="$PPRDIR/../../../../../../../../Downloads/pb_APP_log_seq_xpr/pb_APP_log_seq/pb_APP_log_seq.srcs/sources_1/new/synchro_zybo_v1.vhd"/>
        <Attr Name="ImportTime" Val="1610551440"/>
        <Attr Name="UsedIn" Val="synthesis"/>
        <Attr Name="UsedIn" Val="simulation"/>
      </FileInfo>
    </File>
    <File Path="$PSRCDIR/sources_1/imports/new/circuit_tr_signal.vhd">
      <FileInfo>
        <Attr Name="ImportPath" Val="$PPRDIR/../../../../../../../../Downloads/pb_APP_log_seq_xpr/pb_APP_log_seq/pb_APP_log_seq.srcs/sources_1/new/circuit_tr_signal.vhd"/>
        <Attr Name="ImportTime" Val="1641402145"/>
        <Attr Name="UsedIn" Val="synthesis"/>
        <Attr Name="UsedIn" Val="simulation"/>
      </FileInfo>
    </File>
    <File Path="$PSRCDIR/sources_1/imports/new/or2.vhd">
      <FileInfo>
        <Attr Name="AutoDisabled" Val="1"/>
        <Attr Name="ImportPath" Val="$PPRDIR/../../../../../../../../Downloads/pb_APP_log_seq_xpr/pb_APP_log_seq/pb_APP_log_seq.srcs/sources_1/new/or2.vhd"/>
        <Attr Name="ImportTime" Val="1637701326"/>
        <Attr Name="UsedIn" Val="synthesis"/>
        <Attr Name="UsedIn" Val="simulation"/>
      </FileInfo>
    </File>
    <File Path="$PPRDIR/archive_project_summary.txt"/>
    <Config>
      <Option Name="DesignMode" Val="RTL"/>
      <Option Name="TopModule" Val="circuit_tr_signal"/>
      <Option Name="TopAutoSet" Val="TRUE"/>
    </Config>
  </FileSet>
  <FileSet Name="constrs_in" Type="Constrs" RelSrcDir="$PSRCDIR/constrs_1">
    <Filter Type="Constrs"/>
    <File Path="$PSRCDIR/constrs_1/imports/new/circuit_tr_signal.xdc">
      <FileInfo>
        <Attr Name="ImportPath" Val="$PPRDIR/../../../../../../../../Downloads/pb_APP_log_seq_xpr/pb_APP_log_seq/pb_APP_log_seq.srcs/constrs_1/new/circuit_tr_signal.xdc"/>
        <Attr Name="ImportTime" Val="1610551439"/>
        <Attr Name="UsedIn" Val="synthesis"/>
        <Attr Name="UsedIn" Val="implementation"/>
      </FileInfo>
    </File>
    <Config>
      <Option Name="ConstrsType" Val="XDC"/>
    </Config>
  </FileSet>
  <FileSet Name="utils" Type="Utils" RelSrcDir="$PSRCDIR/utils_1">
    <Filter Type="Utils"/>
    <Config>
      <Option Name="TopAutoSet" Val="TRUE"/>
    </Config>
  </FileSet>
  <Strategy Version="1" Minor="2">
    <StratHandle Name="Vivado Implementation Defaults" Flow="Vivado Implementation 2020"/>
    <Step Id="init_design"/>
    <Step Id="opt_design"/>
    <Step Id="power_opt_design"/>
    <Step Id="place_design"/>
    <Step Id="post_place_power_opt_design"/>
    <Step Id="phys_opt_design"/>
    <Step Id="route_design"/>
    <Step Id="post_route_phys_opt_design"/>
    <Step Id="write_bitstream"/>
  </Strategy>
  <BlockFileSet Type="BlockSrcs" Name="design_1_module_commande_0_0"/>
  <BlockFileSet Type="BlockSrcs" Name="design_1_mux4_0_1"/>
  <BlockFileSet Type="BlockSrcs" Name="design_1_calcul_param_2_0_0"/>
  <BlockFileSet Type="BlockSrcs" Name="design_1_reg_dec_24b_0_0"/>
  <BlockFileSet Type="BlockSrcs" Name="design_1_mef_cod_i2s_vsb_0_0"/>
  <BlockFileSet Type="BlockSrcs" Name="design_1_affhexPmodSSD_v3_0_0"/>
  <BlockFileSet Type="BlockSrcs" Name="design_1_mux4_0_0"/>
  <BlockFileSet Type="BlockSrcs" Name="design_1_calcul_param_3_0_0"/>
  <BlockFileSet Type="BlockSrcs" Name="design_1_util_vector_logic_0_0"/>
  <BlockFileSet Type="BlockSrcs" Name="design_1_sig_fct_sat_dure_0_0"/>
  <BlockFileSet Type="BlockSrcs" Name="design_1_sig_fct_3_0_0"/>
  <BlockFileSet Type="BlockSrcs" Name="design_1_sig_fct_sat_dure_0_1"/>
  <BlockFileSet Type="BlockSrcs" Name="design_1_mux2_0_0"/>
  <BlockFileSet Type="BlockSrcs" Name="design_1_reg_dec_24b_fd_0_0"/>
  <BlockFileSet Type="BlockSrcs" Name="design_1_mef_decod_i2s_v1b_0_0"/>
  <BlockFileSet Type="BlockSrcs" Name="design_1_reg_24b_0_0"/>
  <BlockFileSet Type="BlockSrcs" Name="design_1_reg_24b_0_1"/>
  <BlockFileSet Type="BlockSrcs" Name="design_1_compteur_nbits_0_0"/>
  <BlockFileSet Type="BlockSrcs" Name="design_1_compteur_nbits_0_1"/>
  <BlockFileSet Type="BlockSrcs" Name="design_1_calcul_param_1_0_0"/>
</GenRun>
